Keyword,Name,Header_image,Rating,Rating_count,Price_range,Category,Detail_URL,Tags,Address,Located_in,Current_status,Next_status,Scraped_at,Open_hours,Latitude,Longitude,Plus_code,Website,Phone,Review_keyword1,Review_keyword2,Review_keyword3,Review_keyword4,Review_keyword5,Review_keyword6,Review_keyword7,Review_keyword8,Review_keyword9,Review_keyword10
Nashville - guitar repair,Glaser Instruments,https://lh5.googleusercontent.com/p/AF1QipOt0yfyAmN2MAcZAD7NxCspdCR2WM1UnPpZtDLj=w408-h306-k-no,4.8,98,,חנות לתיקון כלי נגינה,https://www.google.com/maps/place/Glaser+Instruments/data=!4m7!3m6!1s0x886465c1e9908a27:0x63584155e18e7e58!8m2!3d36.1150694!4d-86.7627098!16s%2Fg%2F1tfq5c_l!19sChIJJ4qQ6cFlZIgRWH6O4VVBWGM?authuser=0&hl=iw&rclk=1," 
""As a last hope, I drove to Nashville to see if Glaser could do anything ...""","434 E Iris Dr, Nashville, TN 37204, ארצות הברית",,המקום סגור,ייפתח ביום יום ב׳ בשעה 9:30,2023-09-03 22:30:44,יום ראשוןסגוריום שני(יום העבודה)9:30–17:30 ייתכנו שינויים בשעותיום שלישי9:30–17:30יום רביעי9:30–17:30יום חמישי9:30–17:30יום שישי9:30–17:30יום שבתסגור,36.1150694,-86.7627098,"468P+2W נשוויל, טנסי, ארצות הברית",,+1 615-298-1139,,,,,,,,,,
Nashville - guitar repair,Modman Guitar,https://lh5.googleusercontent.com/p/AF1QipNXsgWYur85MrMl7Ux2M7hC1x6HSfhXJdBZ4ocs=w426-h240-k-no,5.0,66,,חנות לתיקון כלי נגינה,https://www.google.com/maps/place/Modman+Guitar/data=!4m7!3m6!1s0x8864616bcb638257:0xb48cd66f0cb11928!8m2!3d36.1618336!4d-86.8494989!16s%2Fg%2F1pp2vj4jd!19sChIJV4Jjy2thZIgRKBmxDG_WjLQ?authuser=0&hl=iw&rclk=1," 
""The Best Guitar luthier in Nashville..""","1319B 51st Ave N, Nashville, TN 37209, ארצות הברית",,המקום סגור,ייפתח ביום יום ב׳ בשעה 10:00,2023-09-03 22:30:48,יום ראשוןסגוריום שני(יום העבודה)10:00–17:00 ייתכנו שינויים בשעותיום שלישי10:00–17:00יום רביעי10:00–17:00יום חמישי10:00–17:00יום שישי10:00–17:00יום שבתסגור,36.1618336,-86.8494989,"5562+P6 נשוויל, טנסי, ארצות הברית",http://www.modmanguitar.com/,+1 615-397-5334,,,,,,,,,,
Nashville - guitar repair,Harpeth Guitar Restoration - By Appointment Only,https://lh5.googleusercontent.com/p/AF1QipM3FhiNZJJ-_7YqER_e0MyKoCfEYvr1_dOXFew=w408-h544-k-no,5.0,61,,חנות לתיקון כלי נגינה,https://www.google.com/maps/place/Harpeth+Guitar+Restoration+-+By+Appointment+Only/data=!4m7!3m6!1s0x88648976bd0e3ce3:0x4ef4f2c5d159bd51!8m2!3d36.1173416!4d-86.9260016!16s%2Fg%2F11fkdvm7j1!19sChIJ4zwOvXaJZIgRUb1Z0cXy9E4?authuser=0&hl=iw&rclk=1," 
""Hands down the best luthier in Nashville! Meticulous craftsmanship.""","7449 Sawyer Brown Rd, Nashville, TN 37209, ארצות הברית",,,,2023-09-03 22:30:52,,36.1173416,-86.9260016,"438F+WH נשוויל, טנסי, ארצות הברית",http://harpethguitar.com/,,,,,,,,,,,
Nashville - guitar repair,Classic Ax,https://streetviewpixels-pa.googleapis.com/v1/thumbnail?panoid=nDQOMze7q2PEidJvYE4fog&cb_client=search.gws-prod.gps&w=408&h=240&yaw=128.2162&pitch=0&thumbfov=100,5.0,34,,חנות לתיקון כלי נגינה,https://www.google.com/maps/place/Classic+Ax/data=!4m7!3m6!1s0x88646690055c038b:0xedac609875bc660!8m2!3d36.1619668!4d-86.6636661!16s%2Fg%2F11h6nzhv0z!19sChIJiwNcBZBmZIgRYMZbhwnG2g4?authuser=0&hl=iw&rclk=1," 
""One of the best in Nashville!!""","211 Donelson Pike Suite 4, Nashville, TN 37214, ארצות הברית",נמצא בתוך: Cameron Park,המקום סגור,ייפתח ביום יום ב׳ בשעה 10:00,2023-09-03 22:30:56,יום ראשוןסגוריום שני(יום העבודה)10:00–18:00 ייתכנו שינויים בשעותיום שלישי10:00–18:00יום רביעי10:00–18:00יום חמישי10:00–18:00יום שישי10:00–18:00יום שבתסגור,36.1619668,-86.6636661,"586P+QG נשוויל, טנסי, ארצות הברית",http://www.classicax.com/,+1 615-254-8058,,,,,,,,,,
Nashville - guitar repair,Acreman Guitars,https://lh5.googleusercontent.com/p/AF1QipPlnzl5dkbHyYc-r8g6ZcljDbtOazx1ayB_o1RB=w408-h544-k-no,4.8,23,,חנות גיטרות,https://www.google.com/maps/place/Acreman+Guitars/data=!4m7!3m6!1s0x886467a888f2dfcf:0xc64dc19236527d09!8m2!3d36.1820385!4d-86.7903713!16s%2Fg%2F1q62fhsq6!19sChIJz9_yiKhnZIgRCX1SNpLBTcY?authuser=0&hl=iw&rclk=1," 
""I drove some miles to have me guitar setup and it was well worth the ...""","1606 4th Ave N, Nashville, TN 37208, ארצות הברית",,המקום סגור,ייפתח ביום יום ב׳ בשעה 10:00,2023-09-03 22:30:59,יום ראשוןסגוריום שני(יום העבודה)10:00–18:00 ייתכנו שינויים בשעותיום שלישי10:00–18:00יום רביעי10:00–18:00יום חמישי10:00–18:00יום שישי11:00–16:00יום שבתסגור,36.1820385,-86.7903713,"56J5+RV נשוויל, טנסי, ארצות הברית",http://www.acremanguitars.com/,+1 615-714-5593,,,,,,,,,,
Nashville - guitar repair,"Nashville Amplifier Service, LLC",https://lh5.googleusercontent.com/p/AF1QipMNpa3YPm0mxj9IOHQbwE-dcHhzbGNWhJ2a5TyO=w408-h495-k-no,4.7,35,,חנות לתיקון כלי נגינה,"https://www.google.com/maps/place/Nashville+Amplifier+Service,+LLC/data=!4m7!3m6!1s0x886465f17dde34cf:0x92acb6547ef158e9!8m2!3d36.1160694!4d-86.7489861!16s%2Fg%2F11cn6cq8qb!19sChIJzzTeffFlZIgR6VjxflS2rJI?authuser=0&hl=iw&rclk=1",,"2616 Grandview Ave, Nashville, TN 37211, ארצות הברית",,המקום סגור,ייפתח ביום יום ב׳ בשעה 10:00,2023-09-03 22:31:03,יום ראשוןסגוריום שני(יום העבודה)10:00–18:00 ייתכנו שינויים בשעותיום שלישי10:00–18:00יום רביעי10:00–18:00יום חמישי10:00–18:00יום שישי10:00–18:00יום שבתסגור,36.1160694,-86.7489861,"4782+CC נשוויל, טנסי, ארצות הברית",https://www.amprepair.com/,+1 615-750-5726,,,,,,,,,,
Nashville - guitar repair,Bandwagon Music & Repair,https://lh5.googleusercontent.com/p/AF1QipPJ1T-ViG6lW3ez90GzrTeGBMxoQXp47y3BKwvT=w408-h270-k-no,4.9,147,,חנות מוזיקה,https://www.google.com/maps/place/Bandwagon+Music+%26+Repair/data=!4m7!3m6!1s0x886488f3cf40ee6d:0x8948ec81748804e4!8m2!3d36.0770225!4d-86.9493118!16s%2Fg%2F11c1q8qwyg!19sChIJbe5Az_OIZIgR5ASIdIHsSIk?authuser=0&hl=iw&rclk=1," 
""I've had a few guitars set up there and they did a great job!""","7639 Hwy 70 S, Nashville, TN 37221, ארצות הברית",,המקום סגור,ייפתח ביום יום ג׳ בשעה 10:00,2023-09-03 22:31:07,יום ראשוןסגוריום שני(יום העבודה)סגור שעות פתיחה בחגיום שלישי10:00–18:00יום רביעי10:00–18:00יום חמישי10:00–18:00יום שישי10:00–18:00יום שבת10:00–14:00,36.0770225,-86.9493118,"33G2+R7 נשוויל, טנסי, ארצות הברית",http://www.bandwagonmusicandrepair.com/,+1 615-721-2263,,,,,,,,,,
Nashville - guitar repair,Corner Music,https://streetviewpixels-pa.googleapis.com/v1/thumbnail?panoid=s7VS8KBIDTjzUET4vKk8IA&cb_client=search.gws-prod.gps&w=408&h=240&yaw=287.47153&pitch=0&thumbfov=100,4.7,164,,חנות לכלי נגינה,https://www.google.com/maps/place/Corner+Music/data=!4m7!3m6!1s0x8864642fd9a2ae31:0x7c035f7516c7f329!8m2!3d36.2290731!4d-86.7603035!16s%2Fg%2F1td2_5qh!19sChIJMa6i2S9kZIgRKfPHFnVfA3w?authuser=0&hl=iw&rclk=1," 
קנייה בחנות
·
איסוף עצמי בחנות
·
משלוחים","3048 Dickerson Pike, Nashville, TN 37207, ארצות הברית",,המקום סגור,ייפתח ביום יום ב׳ בשעה 10:00,2023-09-03 22:31:11,יום ראשוןסגוריום שני(יום העבודה)10:00–18:00 ייתכנו שינויים בשעותיום שלישי10:00–18:00יום רביעי10:00–18:00יום חמישי10:00–18:00יום שישי10:00–18:00יום שבת10:00–17:00,36.2290731,-86.7603035,"66HQ+JV נשוויל, טנסי, ארצות הברית",https://cornermusic.com/cart,+1 615-297-9559,,,,,,,,,,
Nashville - guitar repair,"British Audio Service, Inc.",https://lh5.googleusercontent.com/p/AF1QipMNHZTJuErym4z9q-FKrsCuVt51Rwvhj_hIazhz=w408-h408-k-no,4.7,171,,חנות לתיקון כלי נגינה,"https://www.google.com/maps/place/British+Audio+Service,+Inc./data=!4m7!3m6!1s0x88646171f5c22ba9:0xa1e6cf9de14a9d8b!8m2!3d36.151062!4d-86.852986!16s%2Fg%2F1vxcx4cj!19sChIJqSvC9XFhZIgRi51K4Z3P5qE?authuser=0&hl=iw&rclk=1"," 
קנייה בחנות
·
איסוף מחוץ לחנות
·
משלוחים","5343 Charlotte Ave, Nashville, TN 37209, ארצות הברית",,המקום סגור,ייפתח ביום יום ג׳ בשעה 10:00,2023-09-03 22:31:15,יום ראשוןסגוריום שני(יום העבודה)סגור שעות פתיחה בחגיום שלישי10:00–16:00יום רביעיסגוריום חמישי10:00–16:00יום שישי10:00–16:00יום שבת10:00–16:00,36.151062,-86.852986,"542W+CR נשוויל, טנסי, ארצות הברית",http://www.britishaudio.com/,+1 615-891-1788,,,,,,,,,,
Nashville - guitar repair,Delgado Guitars,https://lh5.googleusercontent.com/p/AF1QipPExoJxTHgzjnO1fG7Fd2HSjLWJtf4Baa16kNA=w408-h544-k-no,5.0,61,,חנות לכלי נגינה,https://www.google.com/maps/place/Delgado+Guitars/data=!4m7!3m6!1s0x886467d9f973caa9:0xb71a5033df7e5fb9!8m2!3d36.1871016!4d-86.7456619!16s%2Fg%2F11b6hmh15p!19sChIJqcpz-dlnZIgRuV9-3zNQGrc?authuser=0&hl=iw&rclk=1," 
""This is the best setup I've had in Nashville.""","919 Gallatin Ave #10, Nashville, TN 37206, ארצות הברית",,המקום סגור,ייפתח ביום יום ג׳ בשעה 9:00,2023-09-03 22:31:18,יום ראשוןסגוריום שני(יום העבודה)סגור שעות פתיחה בחגיום שלישי9:00–17:00יום רביעי9:00–17:00יום חמישי9:00–17:00יום שישי9:00–17:00יום שבתסגור,36.1871016,-86.7456619,"57P3+RP נשוויל, טנסי, ארצות הברית",http://www.delgadoguitars.com/,+1 615-227-4578,,,,,,,,,,
Nashville - guitar repair,Gruhn Guitars Inc,https://lh5.googleusercontent.com/p/AF1QipMHm89Ug1TzjqRNPuoMObKff7kXMuhVsUKnc6WZ=w426-h240-k-no,4.8,804,₪₪₪,חנות גיטרות,https://www.google.com/maps/place/Gruhn+Guitars+Inc/data=!4m7!3m6!1s0x886466595a5b6b0f:0x8757288c0cea59b!8m2!3d36.1309667!4d-86.7781611!16s%2Fg%2F1v9gkr5t!19sChIJD2tbWllmZIgRm6XOwIhydQg?authuser=0&hl=iw&rclk=1," 
קנייה בחנות
·
איסוף מחוץ לחנות
·
משלוחים","2120 8th Ave S, Nashville, TN 37204, ארצות הברית",,המקום סגור,ייפתח ביום יום ג׳ בשעה 10:00,2023-09-03 22:31:22,יום ראשוןסגוריום שני(יום העבודה)סגור שעות פתיחה בחגיום שלישי10:00–18:00יום רביעי10:00–18:00יום חמישי10:00–18:00יום שישי10:00–18:00יום שבת10:00–18:00,36.1309667,-86.7781611,"46JC+9P נשוויל, טנסי, ארצות הברית",http://www.guitars.com/,+1 615-256-2033,,,,,,,,,,
Nashville - guitar repair,Fanny's House of Music,https://lh5.googleusercontent.com/p/AF1QipPM5J4edFREtfT-mzuDSpND_4nHKI-EHVy4DKN8=w506-h240-k-no,4.8,112,,חנות לכלי נגינה,https://www.google.com/maps/place/Fanny%27s+House+of+Music/data=!4m7!3m6!1s0x886442bb39c4f907:0x7bd9fea9f364ad43!8m2!3d36.1764521!4d-86.7498679!16s%2Fg%2F1tgx2rsj!19sChIJB_nEObtCZIgRQ61k86n-2Xs?authuser=0&hl=iw&rclk=1," 
קנייה בחנות
·
איסוף עצמי בחנות","1101 Holly St, Nashville, TN 37206, ארצות הברית",,פתוח,ייסגר בשעה 17:00,2023-09-03 22:31:26,יום ראשון12:00–17:00יום שני(יום העבודה)11:00–18:00 ייתכנו שינויים בשעותיום שלישי11:00–18:00יום רביעי11:00–18:00יום חמישי11:00–18:00יום שישי11:00–18:00יום שבת11:00–18:00,36.1764521,-86.7498679,"57G2+H3 נשוויל, טנסי, ארצות הברית",http://www.fannyshouseofmusic.com/,+1 615-750-5746,,,,,,,,,,
Nashville - guitar repair,Rumble Seat Music,https://lh5.googleusercontent.com/p/AF1QipMHpmJaq79Zc1JrM0Y5-qhxKCaA2cGc7CPu1Xer=w408-h270-k-no,4.6,102,,חנות גיטרות,https://www.google.com/maps/place/Rumble+Seat+Music/data=!4m7!3m6!1s0x8864667e555fad9f:0x2bf73e5ad0bac5a!8m2!3d36.1359033!4d-86.7792859!16s%2Fg%2F11c5bk_s04!19sChIJn61fVX5mZIgRWqwLreVzvwI?authuser=0&hl=iw&rclk=1," 
קנייה בחנות","1805 8th Ave S, Nashville, TN 37203, ארצות הברית",,המקום סגור,ייפתח ביום יום ג׳ בשעה 10:00,2023-09-03 22:31:30,יום ראשוןסגוריום שני(יום העבודה)סגור ייתכנו שינויים בשעותיום שלישי10:00–17:00יום רביעי10:00–17:00יום חמישי10:00–17:00יום שישי10:00–17:00יום שבת10:00–17:00,36.1359033,-86.7792859,"46PC+97 נשוויל, טנסי, ארצות הברית",http://www.rumbleseatmusic.com/,+1 615-915-2510,,,,,,,,,,
Nashville - guitar repair,Gibson Repair & Restoration,https://lh5.googleusercontent.com/p/AF1QipO20tI7s5-Sl91brC8ZsideYjqhaOHOfw9yoZRH=w408-h306-k-no,4.6,34,,חנות לתיקון כלי נגינה,https://www.google.com/maps/place/Gibson+Repair+%26+Restoration/data=!4m7!3m6!1s0x886466f3b4f8b391:0xbee1282f0e2b7e2!8m2!3d36.1530113!4d-86.7047653!16s%2Fg%2F1tjbsxh9!19sChIJkbP4tPNmZIgR4rfi8IIS7gs?authuser=0&hl=iw&rclk=1,,"657 Massman Dr, Nashville, TN 37210, ארצות הברית",,המקום סגור,ייפתח ביום יום ב׳ בשעה 7:30,2023-09-03 22:31:33,יום ראשוןסגוריום שני(יום העבודה)7:30–14:30 ייתכנו שינויים בשעותיום שלישי7:30–14:30יום רביעי7:30–14:30יום חמישי7:30–14:30יום שישי7:30–14:30יום שבתסגור,36.1530113,-86.7047653,,https://www.gibson.com/Support/Repair-And-Restoration,+1 800-444-2766 ext. 6,,,,,,,,,,
Nashville - guitar repair,King Bee Guitars,https://lh5.googleusercontent.com/p/AF1QipPxKhBUO09phc2plFAZj1RM9gC_RsVOPT5QBRKO=w408-h805-k-no,5.0,31,,חנות לכלי נגינה,https://www.google.com/maps/place/King+Bee+Guitars/data=!4m7!3m6!1s0x886477f41c0f2575:0x8139cdc795ffe568!8m2!3d36.0788454!4d-86.7590657!16s%2Fg%2F1t_tl0hy!19sChIJdSUPHPR3ZIgRaOX_lcfNOYE?authuser=0&hl=iw&rclk=1," 
""Simply the best set up and repair shop in Nashville!""","4741 Trousdale Dr # 8, Nashville, TN 37220, ארצות הברית",נמצא בתוך: Executive Park,המקום סגור,ייפתח ביום יום ב׳ בשעה 10:00,2023-09-03 22:31:37,יום ראשוןסגוריום שני(יום העבודה)10:00–15:30 ייתכנו שינויים בשעותיום שלישי10:00–15:30יום רביעי10:00–15:30יום חמישי10:00–15:30יום שישיסגוריום שבתסגור,36.0788454,-86.7590657,"36HR+G9 נשוויל, טנסי, ארצות הברית",,+1 615-395-0044,,,,,,,,,,
Nashville - guitar repair,Eastside Music Supply,https://lh5.googleusercontent.com/p/AF1QipNiYNZpOf5AredHZjJFSxsLWtgLonb7LDuY7zho=w408-h306-k-no,4.8,190,,חנות לכלי נגינה,https://www.google.com/maps/place/Eastside+Music+Supply/data=!4m7!3m6!1s0x8864662d65fcffff:0x769f68ea0d750575!8m2!3d36.2034744!4d-86.738849!16s%2Fg%2F11bbyczjfw!19sChIJ___8ZS1mZIgRdQV1Depon3Y?authuser=0&hl=iw&rclk=1," 
""I was happy they were able to take repairs for setups on my guitars.""","2915 Gallatin Pike, Nashville, TN 37216, ארצות הברית",,פתוח,ייסגר בשעה 19:00,2023-09-03 22:31:41,יום ראשון11:00–19:00יום שני(יום העבודה)10:00–20:00 ייתכנו שינויים בשעותיום שלישי10:00–20:00יום רביעי10:00–20:00יום חמישי10:00–20:00יום שישי10:00–20:00יום שבת10:00–20:00,36.2034744,-86.738849,"6736+9F נשוויל, טנסי, ארצות הברית",https://eastsidemusicsupply.com/,+1 615-647-7715,,,,,,,,,,
Nashville - guitar repair,Steel Guitars of Nashville Inc,https://lh5.googleusercontent.com/p/AF1QipPSVPMYYG9KJDZQdTbly3hXELxY2AS_uPapDbbS=w408-h306-k-no,4.7,26,,חנות לכלי נגינה,https://www.google.com/maps/place/Steel+Guitars+of+Nashville+Inc/data=!4m7!3m6!1s0x886446cceb594091:0x68259e5a614261e2!8m2!3d46.423669!4d-129.9427086!16s%2Fg%2F1vm_ymb_!19sChIJkUBZ68xGZIgR4mFCYVqeJWg?authuser=0&hl=iw&rclk=1," 
הצעות מחיר אונליין",,,המקום סגור,ייפתח ביום יום ב׳ בשעה 11:00,2023-09-03 22:31:45,יום ראשוןסגוריום שני(יום העבודה)11:00–16:00 ייתכנו שינויים בשעותיום שלישי11:00–16:00יום רביעי11:00–16:00יום חמישי11:00–16:00יום שישי11:00–16:00יום שבת11:00–16:00,46.423669,-129.9427086,,,+1 615-822-5555,,,,,,,,,,
Nashville - guitar repair,The North American Guitar,https://lh5.googleusercontent.com/p/AF1QipOWvHRuLkmEc7JcdfXO2wxOOllAD847d97j8a04=w408-h240-k-no-pi-10-ya313.55075-ro-0-fo100,4.8,35,,חנות לכלי נגינה,https://www.google.com/maps/place/The+North+American+Guitar/data=!4m7!3m6!1s0x88646671f75f933b:0x3c97c076b874bc33!8m2!3d36.1508926!4d-86.7796174!16s%2Fg%2F124yqhzm8!19sChIJO5Nf93FmZIgRM7x0uHbAlzw?authuser=0&hl=iw&rclk=1," 
קנייה בחנות
·
איסוף עצמי בחנות
·
משלוחים","625 8th Ave S, Nashville, TN 37203, ארצות הברית",,+1 615-383-8947,,2023-09-03 22:31:49,,36.1508926,-86.7796174,"562C+95 נשוויל, טנסי, ארצות הברית",http://thenorthamericanguitar.com/,+1 615-383-8947,,,,,,,,,,
Nashville - guitar repair,Raines Guitar Repair,https://lh5.googleusercontent.com/p/AF1QipN-TJMUl-0MlH7Sa8b745InhJzkXLcaGbWwpozQ=w425-h240-k-no,5.0,34,,חנות לתיקון כלי נגינה,https://www.google.com/maps/place/Raines+Guitar+Repair/data=!4m7!3m6!1s0x8864474676cdbc73:0xa335925f66ca2f25!8m2!3d36.3079189!4d-86.5822012!16s%2Fg%2F11kfpl_rn2!19sChIJc7zNdkZHZIgRJS_KZl-SNaM?authuser=0&hl=iw&rclk=1,,"131 Bradford Cir, Hendersonville, TN 37075, ארצות הברית",,המקום סגור,ייפתח ביום יום ב׳ בשעה 10:00,2023-09-03 22:31:52,יום ראשוןסגוריום שני(יום העבודה)10:00–17:00 ייתכנו שינויים בשעותיום שלישי10:00–17:00יום רביעי10:00–17:00יום חמישי10:00–17:00יום שישי10:00–17:00יום שבתסגור,36.3079189,-86.5822012,"8C59+54 הנדרסונוויל, טנסי, ארצות הברית",https://rainesgw.wixsite.com/website,+1 615-606-8179,,,,,,,,,,
Nashville - guitar repair,Carter Vintage Guitars,https://lh5.googleusercontent.com/p/AF1QipNFkSZm0eMnL5DBmIQYg9gXjX0uw5ldx9ha0WI9=w532-h240-k-no,4.8,"1,043",,חנות גיטרות,https://www.google.com/maps/place/Carter+Vintage+Guitars/data=!4m7!3m6!1s0x88646661a0ab423f:0xb644894818fcae1f!8m2!3d36.1509583!4d-86.7793872!16s%2Fg%2F1pp2x834f!19sChIJP0KroGFmZIgRH678GEiJRLY?authuser=0&hl=iw&rclk=1," 
קנייה בחנות
·
איסוף מחוץ לחנות","625 8th Ave S, Nashville, TN 37203, ארצות הברית",,פתוח,ייסגר בשעה 16:00,2023-09-03 22:31:56,יום ראשון10:00–16:00יום שני(יום העבודה)סגור שעות פתיחה בחגיום שלישי10:00–18:00יום רביעי10:00–18:00יום חמישי10:00–18:00יום שישי10:00–18:00יום שבת10:00–16:00,36.1509583,-86.7793872,"562C+96 נשוויל, טנסי, ארצות הברית",http://www.cartervintage.com/,+1 615-915-1851,,,,,,,,,,
Nashville - guitar repair,Guitar Center,https://lh5.googleusercontent.com/p/AF1QipMlOKDz83-sjMiULGPys5Dy8yLR6gDAl9GNag47=w426-h240-k-no,4.4,"1,552",,חנות מוזיקה,https://www.google.com/maps/place/Guitar+Center/data=!4m7!3m6!1s0x886465c06cce8d33:0x323e3b5eb751c63f!8m2!3d36.1115383!4d-86.7649808!16s%2Fg%2F1tj_5zks!19sChIJM43ObMBlZIgRP8ZRt147PjI?authuser=0&hl=iw&rclk=1," 
קנייה בחנות
·
איסוף מחוץ לחנות
·
משלוחים","721 Thompson Ln, Nashville, TN 37204, ארצות הברית",,פתוח,ייסגר בשעה 19:00,2023-09-03 22:32:00,יום ראשון11:00–19:00יום שני(יום העבודה)11:00–21:00 ייתכנו שינויים בשעותיום שלישי11:00–21:00יום רביעי11:00–21:00יום חמישי11:00–21:00יום שישי11:00–21:00יום שבת10:00–21:00,36.1115383,-86.7649808,"466P+J2 נשוויל, טנסי, ארצות הברית",https://stores.guitarcenter.com/tn/nashville/720?source=4GOA5AJBA,+1 615-297-7770,,,,,,,,,,
Nashville - guitar repair,Lane Music (Nashville),https://lh5.googleusercontent.com/p/AF1QipNs-TgusGA44qnXAs7LgUGxhryfa-TOYroqFmCN=w408-h544-k-no,5.0,63,,חנות מוזיקה,https://www.google.com/maps/place/Lane+Music+%28Nashville%29/data=!4m7!3m6!1s0x88647bfd1fe7f70d:0xd13187b2989ca177!8m2!3d35.967839!4d-86.810695!16s%2Fg%2F11c5swb6y6!19sChIJDffnH_17ZIgRd6GcmLKHMdE?authuser=0&hl=iw&rclk=1," 
""This is easily in the top three guitar shops in the Nashville area.""","1625 Galleria Blvd, Brentwood, TN 37027, ארצות הברית",,המקום סגור,ייפתח ביום יום ב׳ בשעה 10:00,2023-09-03 22:32:04,יום ראשוןסגוריום שני(יום העבודה)10:00–18:00 ייתכנו שינויים בשעותיום שלישי10:00–18:00יום רביעי10:00–18:00יום חמישי10:00–18:00יום שישי10:00–18:00יום שבת10:00–17:00,35.967839,-86.810695,"X59Q+4P ברנטווד, טנסי, ארצות הברית",https://www.lanemusic.com/,+1 615-679-8888,,,,,,,,,,
Nashville - guitar repair,The Gibson Garage,https://lh5.googleusercontent.com/p/AF1QipNb2_qDtCLPCCC4z4ZXp7rS4Tu5BOjHnrl7tiQ=w646-h240-k-no,4.8,574,,חנות גיטרות,https://www.google.com/maps/place/The+Gibson+Garage/data=!4m7!3m6!1s0x8864672b6855b195:0x4bf5a2e89662eee8!8m2!3d36.1547724!4d-86.782192!16s%2Fg%2F11nn3w4jq8!19sChIJlbFVaCtnZIgR6O5iluii9Us?authuser=0&hl=iw&rclk=1," 
קנייה בחנות
·
איסוף עצמי בחנות","209 10th Ave S #209, Nashville, TN 37203, ארצות הברית",,פתוח,ייסגר בשעה 18:00,2023-09-03 22:32:07,יום ראשון12:00–18:00יום שני(יום העבודה)11:00–18:00 ייתכנו שינויים בשעותיום שלישי11:00–18:00יום רביעי11:00–18:00יום חמישי11:00–18:00יום שישי11:00–18:00יום שבת11:00–18:00,36.1547724,-86.782192,"5639+W4 נשוויל, טנסי, ארצות הברית",https://www.gibson.com/garage,+1 615-933-6000,,,,,,,,,,
Nashville - guitar repair,"Blues Vintage Guitars, Inc.",https://lh5.googleusercontent.com/p/AF1QipP5PooEKr4EE-pk4AmyGduf8y04BpLcRoawQF4L=w408-h290-k-no,4.9,75,,חנות גיטרות,"https://www.google.com/maps/place/Blues+Vintage+Guitars,+Inc./data=!4m7!3m6!1s0x886469734f3c68cd:0xbc43ef7de2ce42fb!8m2!3d36.1674845!4d-86.6803949!16s%2Fg%2F11cn6f80p3!19sChIJzWg8T3NpZIgR-0LO4n3vQ7w?authuser=0&hl=iw&rclk=1"," 
קנייה בחנות
·
איסוף עצמי בחנות","212 McGavock Pk, Nashville, TN 37214, ארצות הברית",,המקום סגור,ייפתח ביום יום ב׳ בשעה 10:00,2023-09-03 22:32:11,יום ראשוןסגוריום שני(יום העבודה)10:00–18:00 ייתכנו שינויים בשעותיום שלישי10:00–18:00יום רביעי10:00–18:00יום חמישי10:00–18:00יום שישי10:00–18:00יום שבתסגור,36.1674845,-86.6803949,"5889+XR נשוויל, טנסי, ארצות הברית",http://www.bluesvintageguitars.com/,+1 615-613-1389,,,,,,,,,,
Nashville - guitar repair,GuitarEffectsPedals.com Showroom - Open to the Public,https://lh5.googleusercontent.com/p/AF1QipOPosJ9wVj5rjFJJ3SRjy-s20Y9jkYJDLpt1Dbn=w426-h240-k-no,4.6,42,,חנות לכלי נגינה,https://www.google.com/maps/place/GuitarEffectsPedals.com+Showroom+-+Open+to+the+Public/data=!4m7!3m6!1s0x88638288060d88d7:0xaabfa0c2fc955c6e!8m2!3d36.116126!4d-86.7488954!16s%2Fg%2F11bzwpqm9t!19sChIJ14gNBoiCY4gRblyV_MKgv6o?authuser=0&hl=iw&rclk=1," 
קנייה בחנות
·
איסוף מחוץ לחנות","2616 Grandview Ave 2nd floor, Nashville, TN 37211, ארצות הברית",,המקום סגור,ייפתח ביום יום ב׳ בשעה 11:00,2023-09-03 22:32:15,יום ראשוןסגוריום שני(יום העבודה)11:00–17:30 ייתכנו שינויים בשעותיום שלישי11:00–17:30יום רביעי11:00–17:30יום חמישי11:00–17:30יום שישי11:00–17:30יום שבת12:00–17:00,36.116126,-86.7488954,"4782+FC נשוויל, טנסי, ארצות הברית",http://www.guitareffectspedals.com/,+1 800-455-1030,,,,,,,,,,
Nashville - guitar repair,Guitar Build Workshop,https://lh5.googleusercontent.com/p/AF1QipOmCRQWKsOxZPbexhXXXgJQk-WvzCg5qyIue9Ey=w408-h408-k-no,5.0,30,,חנות גיטרות,https://www.google.com/maps/place/Guitar+Build+Workshop/data=!4m7!3m6!1s0x8864670361678981:0xf54a88c0640f4fbc!8m2!3d36.182009!4d-86.790364!16s%2Fg%2F11g81f1gkk!19sChIJgYlnYQNnZIgRvE8PZMCISvU?authuser=0&hl=iw&rclk=1," 
קנייה בחנות","1606 4th Ave N, Nashville, TN 37207, ארצות הברית",,המקום סגור,ייפתח ביום שבת בשעה 9:00,2023-09-03 22:32:19,יום ראשוןסגוריום שני(יום העבודה)סגור ייתכנו שינויים בשעותיום שלישיסגוריום רביעיסגוריום חמישיסגוריום שישיסגוריום שבת9:00–17:00,36.182009,-86.790364,"56J5+RV נשוויל, טנסי, ארצות הברית",http://guitarbuildworkshop.com/,+1 615-739-6572,,,,,,,,,,
Nashville - guitar repair,Nashville Custom House by Guitar Center Professional,https://lh5.googleusercontent.com/p/AF1QipPnQD-f4Da8Z3eiiRGvVdIdqZEpzSFxb1ovCIkT=w426-h240-k-no,4.6,10,,חנות מוזיקה,https://www.google.com/maps/place/Nashville+Custom+House+by+Guitar+Center+Professional/data=!4m7!3m6!1s0x88646523ba6122c7:0xbd28c5b4eaa6a369!8m2!3d36.1156373!4d-86.7672136!16s%2Fg%2F11h77v8lgy!19sChIJxyJhuiNlZIgRaaOm6rTFKL0?authuser=0&hl=iw&rclk=1," 
קנייה בחנות
·
איסוף מחוץ לחנות
·
משלוחים","2810 Azalea Pl, Nashville, TN 37204, ארצות הברית",,פתוח,ייסגר בשעה 19:00,2023-09-03 22:32:22,יום ראשון11:00–19:00יום שני(יום העבודה)10:00–21:00 ייתכנו שינויים בשעותיום שלישי10:00–21:00יום רביעי11:00–19:00יום חמישי10:00–21:00יום שישי10:00–21:00יום שבת10:00–21:00,36.1156373,-86.7672136,"468M+74 נשוויל, טנסי, ארצות הברית",https://stores.guitarcenter.com/tn/nashville/915&source=4GOA5AJBA,+1 615-279-9424,,,,,,,,,,
Nashville - guitar repair,Green Hills Guitar Studio,https://lh5.googleusercontent.com/p/AF1QipOZF6p7tQMmFy5Xo9v4W6NJo8rLPC6ODQ0qTw9S=w408-h408-k-no,4.9,37,,מורה לגיטרה,https://www.google.com/maps/place/Green+Hills+Guitar+Studio/data=!4m7!3m6!1s0x886464775f4674a9:0xeb984567eb2a2dc5!8m2!3d36.1019026!4d-86.8181312!16s%2Fg%2F1pp2x854r!19sChIJqXRGX3dkZIgRxS0q62dFmOs?authuser=0&hl=iw&rclk=1," 
קבלת קהל במקום
·
שיעורים אונליין","4111 Hillsboro Pike Ste 203, Nashville, TN 37215, ארצות הברית",קומה 2 · Village Green,פתוח,ייסגר בשעה 19:00,2023-09-03 22:32:26,יום ראשון9:00–19:00יום שני(יום העבודה)9:00–21:00 ייתכנו שינויים בשעותיום שלישי9:00–21:00יום רביעי9:00–21:00יום חמישי9:00–21:00יום שישי9:00–18:00יום שבת9:00–18:00,36.1019026,-86.8181312,"452J+QP נשוויל, טנסי, ארצות הברית",http://www.greenhillsguitarstudio.com/,+1 615-397-1565,,,,,,,,,,
Nashville - guitar repair,"String Theory Guitar Repair, LLC",https://lh5.googleusercontent.com/p/AF1QipPfS828QLCLYYFtPmY0rC2bhrSjPuCMB45UgaB5=w408-h408-k-no,4.4,7,,חנות לתיקון כלי נגינה,"https://www.google.com/maps/place/String+Theory+Guitar+Repair,+LLC/data=!4m7!3m6!1s0x8864157f83595ee9:0x343fcb2d36554583!8m2!3d46.423669!4d-129.9427086!16s%2Fg%2F11gmwv1q4m!19sChIJ6V5Zg38VZIgRg0VVNi3LPzQ?authuser=0&hl=iw&rclk=1",,,,המקום סגור,ייפתח ביום יום ב׳ בשעה 10:00,2023-09-03 22:32:30,יום ראשוןסגוריום שני(יום העבודה)10:00–18:00 ייתכנו שינויים בשעותיום שלישי10:00–18:00יום רביעיסגוריום חמישי10:00–18:00יום שישי10:00–18:00יום שבת9:00–12:00,46.423669,-129.9427086,,https://stringtheoryguitarrepair.com/repair-request,+1 615-415-5681,,,,,,,,,,
Nashville - guitar repair,Sam Ash Music Stores,https://lh5.googleusercontent.com/p/AF1QipNtiBm9vojzZl898B2SNuOzqAaA1NAYEBXHj1G_=w408-h306-k-no,4.8,"1,003",,חנות לכלי נגינה,https://www.google.com/maps/place/Sam+Ash+Music+Stores/data=!4m7!3m6!1s0x8864437802f0fa05:0x3f51435a27792a89!8m2!3d36.2934986!4d-86.6994233!16s%2Fg%2F1tdc1cks!19sChIJBfrwAnhDZIgRiSp5J1pDUT8?authuser=0&hl=iw&rclk=1," 
""They can fix it right !!! Right now.,""","1647 Gallatin Pike N, Madison, TN 37115, ארצות הברית",,פתוח,ייסגר בשעה 18:00,2023-09-03 22:32:34,יום ראשון12:00–18:00יום שני(יום העבודה)11:00–20:00 ייתכנו שינויים בשעותיום שלישי11:00–20:00יום רביעי11:00–20:00יום חמישי11:00–20:00יום שישי11:00–20:00יום שבת11:00–19:00,36.2934986,-86.6994233,"78V2+96 Madison, נשוויל, טנסי, ארצות הברית",https://locations.samash.com/tn/madison/45/?utm_source=Google&utm_medium=Maps&utm_campaign=Google+Places,+1 615-860-7475,,,,,,,,,,
Nashville - guitar repair,Nashville Used & New Music,https://lh5.googleusercontent.com/p/AF1QipMOCZNuTaUBUYQM_bk8nk3ZowTSHLTs_19wB3vv=w408-h306-k-no,4.4,581,,חנות לכלי נגינה משומשים,https://www.google.com/maps/place/Nashville+Used+%26+New+Music/data=!4m7!3m6!1s0x88646fc0d07eee27:0x3c9f19053f5a86d0!8m2!3d36.0644722!4d-86.7160889!16s%2Fg%2F1tg6qvs6!19sChIJJ-5-0MBvZIgR0IZaPwUZnzw?authuser=0&hl=iw&rclk=1," 
""My daughter plays Bari Sax at WKU and needed a repair for her next ...""","Fairlane Shopping Center, 4876 Nolensville Pk, Nashville, TN 37211, ארצות הברית",נמצא בתוך: Fairlane Shopping Center,פתוח,ייסגר בשעה 18:00,2023-09-03 22:32:38,יום ראשון11:00–18:00יום שני(יום העבודה)10:00–18:00 ייתכנו שינויים בשעותיום שלישי10:00–18:00יום רביעי10:00–18:00יום חמישי10:00–18:00יום שישי10:00–18:00יום שבת10:00–18:00,36.0644722,-86.7160889,"377M+QH נשוויל, טנסי, ארצות הברית",http://nashvilleusedandnewmusic.com/,+1 615-832-7450,,,,,,,,,,
Nashville - guitar repair,"Caldwell Guitars Nashville (New, Used, and Vintage)",https://lh5.googleusercontent.com/p/AF1QipOC5-Rqm-2qn9k2PpceJhB4XQmuIQ85JNW0SJIR=w426-h240-k-no,5.0,11,,חנות לכלי נגינה,"https://www.google.com/maps/place/Caldwell+Guitars+Nashville+%28New,+Used,+and+Vintage%29/data=!4m7!3m6!1s0x886467652499f65d:0xd928fdb45ed31019!8m2!3d36.1761677!4d-86.7542112!16s%2Fg%2F11pz8s9rz4!19sChIJXfaZJGVnZIgRGRDTXrT9KNk?authuser=0&hl=iw&rclk=1"," 
קנייה בחנות","933 Woodland St, Nashville, TN 37206, ארצות הברית",,המקום סגור,ייפתח ביום יום ד׳ בשעה 12:00,2023-09-03 22:32:42,יום ראשוןסגוריום שני(יום העבודה)סגור ייתכנו שינויים בשעותיום שלישיסגוריום רביעי12:00–17:00יום חמישי12:00–17:00יום שישי12:00–17:00יום שבת12:00–17:00,36.1761677,-86.7542112,"56GW+F8 נשוויל, טנסי, ארצות הברית",http://caldwellguitarsnashville.com/,+1 629-256-6092,,,,,,,,,,
Nashville - guitar repair,Artisan Guitars,https://lh5.googleusercontent.com/p/AF1QipMyAE-63qj0d-pUaV5xo_ciqDJEKL_bDZsSLtuF=w971-h240-k-no,4.6,72,,חנות גיטרות,https://www.google.com/maps/place/Artisan+Guitars/data=!4m7!3m6!1s0x88647ef6238c7437:0x9f36978c27c4cb29!8m2!3d35.9556281!4d-86.8753908!16s%2Fg%2F1v2jdn7t!19sChIJN3SMI_Z-ZIgRKcvEJ4yXNp8?authuser=0&hl=iw&rclk=1," 
""Artesonl guitars of Nashville was awesome!!!""","221 Spencer Creek Rd, Franklin, TN 37069, ארצות הברית",,המקום סגור,ייפתח ביום יום ב׳ בשעה 9:30,2023-09-03 22:32:45,יום ראשוןסגוריום שני(יום העבודה)9:30–16:00 ייתכנו שינויים בשעותיום שלישי9:30–16:00יום רביעי9:30–16:00יום חמישי9:30–16:00יום שישי9:30–16:00יום שבת9:30–13:00,35.9556281,-86.8753908,"X44F+7R פרנקלין, טנסי, ארצות הברית",https://artisanguitars.com/,+1 615-595-2544,,,,,,,,,,
Nashville - guitar repair,New Vintage Music,https://lh5.googleusercontent.com/p/AF1QipMDnwP986B5fASPYyRZ698oRQHoF7yZ7_XVAWgG=w408-h544-k-no,5.0,6,,חנות לתיקון כלי נגינה,https://www.google.com/maps/place/New+Vintage+Music/data=!4m7!3m6!1s0x886442a123601c33:0xba606489e1606a20!8m2!3d36.2474069!4d-86.7194307!16s%2Fg%2F11dftr6rbv!19sChIJMxxgI6FCZIgRIGpg4YlkYLo?authuser=0&hl=iw&rclk=1,,"1202 Coreland Dr Unit C, Madison, TN 37115, ארצות הברית",,המקום סגור,ייפתח ביום יום ג׳ בשעה 11:00,2023-09-03 22:32:49,יום ראשוןסגוריום שני(יום העבודה)סגור ייתכנו שינויים בשעותיום שלישי11:00–18:00יום רביעי11:00–18:00יום חמישי11:00–18:00יום שישי11:00–18:00יום שבת11:00–18:00,36.2474069,-86.7194307,"67WJ+X6 Madison, נשוויל, טנסי, ארצות הברית",http://newvintagemusic.net/,+1 615-927-6912,,,,,,,,,,
Nashville - guitar repair,Nashville Picks,https://lh5.googleusercontent.com/p/AF1QipOL7nd1wtjgXdlUW85LO6gGEjqorvzlhLUQwwod=w408-h306-k-no,5.0,94,,חנות לכלי נגינה,https://www.google.com/maps/place/Nashville+Picks/data=!4m7!3m6!1s0x88644ea5eafddcfb:0x9444b652091fa9c5!8m2!3d36.169978!4d-86.7881288!16s%2Fg%2F11bw8f0h29!19sChIJ-9z96qVOZIgRxakfCVK2RJQ?authuser=0&hl=iw&rclk=1," 
קנייה בחנות
·
איסוף עצמי בחנות","Farmers Market, 900 Rosa L Parks Blvd, Nashville, TN 37208, ארצות הברית",,המקום ייסגר בקרוב,15:00  ייפתח ביום יום ו׳ בשעה 10:00,2023-09-03 22:32:53,יום ראשון10:00–15:00יום שני(יום העבודה)סגור ייתכנו שינויים בשעותיום שלישיסגוריום רביעיסגוריום חמישיסגוריום שישי10:00–15:00יום שבת10:00–15:00,36.169978,-86.7881288,"5696+XP נשוויל, טנסי, ארצות הברית",http://www.nashvillepicks.com/,+1 888-370-5132,,,,,,,,,,
Nashville - guitar repair,Cumberland Acoustic,https://lh5.googleusercontent.com/p/AF1QipOtVw5QArR67bPHGl7Ka8WYTlOxla4Hj1GNXM1O=w408-h306-k-no,4.9,20,,חנות לתיקון כלי נגינה,https://www.google.com/maps/place/Cumberland+Acoustic/data=!4m7!3m6!1s0x886446ccda3b10fd:0xc335703f0d62b27c!8m2!3d36.3032978!4d-86.6337376!16s%2Fg%2F1td4qfmp!19sChIJ_RA72sxGZIgRfLJiDT9wNcM?authuser=0&hl=iw&rclk=1," 
""Best builders in Nashville!""","118 Midtown Ct f, Hendersonville, TN 37075, ארצות הברית",,המקום סגור,ייפתח ביום יום ב׳ בשעה 10:00,2023-09-03 22:32:57,יום ראשוןסגוריום שני(יום העבודה)10:00–17:00 ייתכנו שינויים בשעותיום שלישי10:00–17:00יום רביעי10:00–17:00יום חמישי10:00–17:00יום שישי10:00–17:00יום שבתסגור,36.3032978,-86.6337376,"8938+8G הנדרסונוויל, טנסי, ארצות הברית",https://cumberlandacoustic.com/,+1 615-826-7890,,,,,,,,,,
Nashville - guitar repair,Retro Gear Shop,https://lh5.googleusercontent.com/p/AF1QipOl50DRXod6dJrXKUk7Ou9ULjDMe-UEJiBoIyFq=w408-h306-k-no,5.0,249,,חנות לכלי נגינה,https://www.google.com/maps/place/Retro+Gear+Shop/data=!4m7!3m6!1s0x8864673a82ec6987:0x3fe1998c9a25e1c6!8m2!3d36.1744964!4d-86.7504933!16s%2Fg%2F11sqr420nh!19sChIJh2nsgjpnZIgRxuElmoyZ4T8?authuser=0&hl=iw&rclk=1," 
איסוף מחוץ לחנות
·
משלוחים
·
ללא קנייה בחנות","218 S 11th St, Nashville, TN 37206, ארצות הברית",נמצא בתוך: Fatherland District,+1 615-589-8889,,2023-09-03 22:33:00,,36.1744964,-86.7504933,"56FX+QR נשוויל, טנסי, ארצות הברית",https://retrogearshop.com/,+1 615-589-8889,,,,,,,,,,
Nashville - guitar repair,Williams Fine Violins,https://lh5.googleusercontent.com/p/AF1QipP7HqdErw_0HDg15_SDZYTFMfySsiOJlFTj0vus=w408-h244-k-no,4.8,148,,חנות מוזיקה,https://www.google.com/maps/place/Williams+Fine+Violins/data=!4m7!3m6!1s0x8864669af8c801ef:0xe2adb689cdc0282!8m2!3d36.1622064!4d-86.6644681!16s%2Fg%2F1tfbz5xt!19sChIJ7wHI-JpmZIgRggLcnGjbKg4?authuser=0&hl=iw&rclk=1," 
קנייה בחנות
·
איסוף עצמי בחנות","204 Donelson Pike, Nashville, TN 37214, ארצות הברית",,המקום סגור,ייפתח ביום יום ג׳ בשעה 10:00,2023-09-03 22:33:04,יום ראשוןסגוריום שני(יום העבודה)סגור שעות פתיחה בחגיום שלישי10:00–18:00יום רביעי10:00–18:00יום חמישי10:00–18:00יום שישי10:00–18:00יום שבת10:00–16:00,36.1622064,-86.6644681,"586P+V6 נשוויל, טנסי, ארצות הברית",http://www.williamsfineviolins.com/,+1 615-429-2927,,,,,,,,,,
Nashville - guitar repair,Richard Starkey Instr Repair,https://streetviewpixels-pa.googleapis.com/v1/thumbnail?panoid=ARMocTN7i060AwOAIcxFog&cb_client=search.gws-prod.gps&w=408&h=240&yaw=13.683568&pitch=0&thumbfov=100,5.0,19,,חנות לתיקון כלי נגינה,https://www.google.com/maps/place/Richard+Starkey+Instr+Repair/data=!4m7!3m6!1s0x88647fafb71a7273:0xed7311dbbbbf055c!8m2!3d35.9094357!4d-86.8707562!16s%2Fg%2F1xgrnp0m!19sChIJc3Iat69_ZIgRXAW_u9sRc-0?authuser=0&hl=iw&rclk=1,,"305 Highland Ave, Franklin, TN 37064, ארצות הברית",,+1 615-595-9304,,2023-09-03 22:33:08,,35.9094357,-86.8707562,"W45H+QM פרנקלין, טנסי, ארצות הברית",,+1 615-595-9304,,,,,,,,,,
Nashville - guitar repair,Ferg's Amp Shop,https://lh5.googleusercontent.com/p/AF1QipMc1VxyRUjPB2fL4Vol03chGH4B5eemmiBTFTcE=w408-h544-k-no,3.8,19,,חנות לתיקון כלי נגינה,https://www.google.com/maps/place/Ferg%27s+Amp+Shop/data=!4m7!3m6!1s0x886465c15feab173:0xc4a4ede163e500e2!8m2!3d36.1551649!4d-86.7825589!16s%2Fg%2F1vmr2324!19sChIJc7HqX8FlZIgR4gDlY-HtpMQ?authuser=0&hl=iw&rclk=1,,"209 10th Ave S Suite 123, Nashville, TN 37203, ארצות הברית",,המקום סגור,ייפתח ביום יום ב׳ בשעה 10:00,2023-09-03 22:33:12,יום ראשוןסגוריום שני(יום העבודה)10:00–17:00 ייתכנו שינויים בשעותיום שלישי10:00–17:00יום רביעי10:00–17:00יום חמישי10:00–17:00יום שישי10:00–17:00יום שבת10:00–12:00,36.1551649,-86.7825589,"5648+3X נשוויל, טנסי, ארצות הברית",,+1 615-385-8150,,,,,,,,,,
Nashville - guitar repair,The Violin Shop,https://lh5.googleusercontent.com/p/AF1QipM6_GR1vBd0Ogw_EDisWbPel7cUEDxjhg8bGjYb=w408-h306-k-no,4.9,127,,חנות כינורות,https://www.google.com/maps/place/The+Violin+Shop/data=!4m7!3m6!1s0x8864883f31b7460b:0xd9c2d01773ef3f0d!8m2!3d36.1245758!4d-86.7760975!16s%2Fg%2F1tfscl3v!19sChIJC0a3MT-IZIgRDT_vcxfQwtk?authuser=0&hl=iw&rclk=1," 
קנייה בחנות
·
איסוף מחוץ לחנות","2504 8th Ave S, Nashville, TN 37204, ארצות הברית",,המקום סגור,ייפתח ביום יום ב׳ בשעה 10:00,2023-09-03 22:33:15,יום ראשוןסגוריום שני(יום העבודה)10:00–18:00 ייתכנו שינויים בשעותיום שלישי10:00–18:00יום רביעי10:00–18:00יום חמישי10:00–18:00יום שישי10:00–18:00יום שבת10:00–18:00,36.1245758,-86.7760975,"46FF+RH נשוויל, טנסי, ארצות הברית",http://www.theviolinshop.com/,+1 615-662-1570,,,,,,,,,,
Nashville - guitar repair,Shiloh Music,https://lh5.googleusercontent.com/p/AF1QipOPpd-DBWxijff8uju6A5wjuqg7PPqrwqT75uCN=w426-h240-k-no,4.7,191,,חנות לכלי נגינה,https://www.google.com/maps/place/Shiloh+Music/data=!4m7!3m6!1s0x88643e1137030ea1:0x51ebac2dd28e1acf!8m2!3d36.2268939!4d-86.5148499!16s%2Fg%2F1tgh890f!19sChIJoQ4DNxE-ZIgRzxqO0i2s61E?authuser=0&hl=iw&rclk=1," 
""All kinds of repairs available. My go-to place for 25+ years..""","4056 N Mt Juliet Rd # A, Mt. Juliet, TN 37122, ארצות הברית",,המקום סגור,ייפתח ביום יום ב׳ בשעה 10:00,2023-09-03 22:33:19,יום ראשוןסגוריום שני(יום העבודה)10:00–20:00 ייתכנו שינויים בשעותיום שלישי10:00–20:00יום רביעי10:00–20:00יום חמישי10:00–20:00יום שישי10:00–19:00יום שבת10:00–18:00,36.2268939,-86.5148499,"6FGP+Q3 Mt. Juliet, טנסי, ארצות הברית",http://www.shilohmusiccenter.com/,+1 615-758-9437,,,,,,,,,,
Nashville - guitar repair,Guitars To Be Played,https://lh5.googleusercontent.com/p/AF1QipMQp-mBs6tFvNO6Q_Ry1_SLmR2wneR9mPIzOTRE=w408-h272-k-no,5.0,30,,חנות גיטרות,https://www.google.com/maps/place/Guitars+To+Be+Played/data=!4m7!3m6!1s0x88646fbd2c34b0d3:0xffcd4e3ba189d2a6!8m2!3d36.1866405!4d-86.7852454!16s%2Fg%2F11ngss9y8q!19sChIJ07A0LL1vZIgRptKJoTtOzf8?authuser=0&hl=iw&rclk=1," 
משלוחים",,,המקום סגור,ייפתח ביום יום ב׳ בשעה 9:00,2023-09-03 22:33:23,יום ראשוןסגוריום שני(יום העבודה)9:00–17:00 ייתכנו שינויים בשעותיום שלישי9:00–17:00יום רביעי9:00–17:00יום חמישי9:00–17:00יום שישי9:00–17:00יום שבתסגור,36.1866405,-86.7852454,,http://www.guitarstobeplayed.com/,+1 615-522-4255,,,,,,,,,,
Nashville - guitar repair,Blom Guitars,https://lh5.googleusercontent.com/p/AF1QipNIF3UTNwFiJcOdC0p5Kqe87-RUvykSQfKjsS9n=w426-h240-k-no,5.0,9,,חנות לתיקון כלי נגינה,https://www.google.com/maps/place/Blom+Guitars/data=!4m7!3m6!1s0x88649afd37294acf:0x440119ec231bcb92!8m2!3d36.0125098!4d-87.0929171!16s%2Fg%2F1wk4dsvm!19sChIJz0opN_2aZIgRkssbI-wZAUQ?authuser=0&hl=iw&rclk=1,,"7137 Brush Creek Rd S, Fairview, TN 37062, ארצות הברית",,המקום סגור,ייפתח ביום יום ב׳ בשעה 9:00,2023-09-03 22:33:27,יום ראשוןסגוריום שני(יום העבודה)9:00–17:00 ייתכנו שינויים בשעותיום שלישי9:00–17:00יום רביעי9:00–17:00יום חמישי9:00–17:00יום שישי9:00–17:00יום שבת9:00–12:00,36.0125098,-87.0929171,"2W74+2R Fairview, טנסי, ארצות הברית",http://www.blomguitars.com/,+1 615-512-7553,,,,,,,,,,
Nashville - guitar repair,Nashville Music Co,https://lh5.googleusercontent.com/p/AF1QipPShPo4WEzDQ3e4gB69t3VF_Xsig8c6Lu956D9D=w493-h240-k-no,4.8,27,,חנות לכלי נגינה,https://www.google.com/maps/place/Nashville+Music+Co/data=!4m7!3m6!1s0x886464775f611551:0x9264b188cd88da3a!8m2!3d36.1019595!4d-86.8181302!16s%2Fg%2F1tx162g2!19sChIJURVhX3dkZIgROtqIzYixZJI?authuser=0&hl=iw&rclk=1," 
""Piccolos are notoriously difficult to fix, but he is willing to fix mine ...""","4111 Hillsboro Pike, Nashville, TN 37215, ארצות הברית",קומה -1 · Village Green,המקום סגור,ייפתח ביום יום ב׳ בשעה 11:00,2023-09-03 22:33:31,יום ראשוןסגוריום שני(יום העבודה)11:00–18:00 ייתכנו שינויים בשעותיום שלישי11:00–18:00יום רביעי11:00–18:00יום חמישי11:00–18:00יום שישי11:00–18:00יום שבת11:00–18:00,36.1019595,-86.8181302,"452J+QP נשוויל, טנסי, ארצות הברית",http://www.nashvillemusicco.com/,+1 615-292-5651,,,,,,,,,,
Nashville - guitar repair,Jeff's Guitar Repair,https://lh5.googleusercontent.com/p/AF1QipMEbiQO8CG58TsvFgkOAvwou25bL3EGVcpomhBI=w408-h306-k-no,5.0,12,,חנות לתיקון כלי נגינה,https://www.google.com/maps/place/Jeff%27s+Guitar+Repair/data=!4m7!3m6!1s0x8864733ad056aaab:0xd3bf0804448baf87!8m2!3d35.9862191!4d-86.5925667!16s%2Fg%2F11h5q85qpv!19sChIJq6pW0DpzZIgRh6-LRAQIv9M?authuser=0&hl=iw&rclk=1," 
""I've lived in the Nashville area for a long time and worked ...""","544 Woodland Hills Dr, La Vergne, TN 37086, ארצות הברית",,פתוח,ייסגר בשעה 16:00,2023-09-03 22:33:34,יום ראשון14:00–16:00יום שני(יום העבודה)9:00–18:00 ייתכנו שינויים בשעותיום שלישי9:00–18:00יום רביעי9:00–18:00יום חמישי9:00–18:00יום שישי9:00–17:00יום שבת10:00–16:00,35.9862191,-86.5925667,"XCP4+FX La Vergne, טנסי, ארצות הברית",https://jeffsguitarrepair.com/,+1 615-948-8806,,,,,,,,,,
Nashville - guitar repair,Superior Music,https://lh5.googleusercontent.com/p/AF1QipM0u98FA7dLj9_ChD3t9tUKS-d8SlLF-PDVUWxC=w408-h271-k-no,4.6,55,,חנות מוזיקה,https://www.google.com/maps/place/Superior+Music/data=!4m7!3m6!1s0x886441b9c932a90f:0x53292598c88f1fa4!8m2!3d36.2407056!4d-86.6318174!16s%2Fg%2F1ttq2vc9!19sChIJD6kyyblBZIgRpB-PyJglKVM?authuser=0&hl=iw&rclk=1," 
""brought my jackson king V in for a new setup and a pedal, went ...""","3610 Old Hickory Blvd, Old Hickory, TN 37138, ארצות הברית",,המקום סגור,ייפתח ביום יום ב׳ בשעה 9:00,2023-09-03 22:33:38,יום ראשוןסגוריום שני(יום העבודה)9:00–17:00 ייתכנו שינויים בשעותיום שלישי10:00–17:00יום רביעי9:00–16:00יום חמישי9:00–16:00יום שישי9:00–16:00יום שבת9:00–16:00,36.2407056,-86.6318174,"69R9+77 Old Hickory, נשוויל, טנסי, ארצות הברית",https://www.superiormusic.com/,+1 615-847-9687,,,,,,,,,,
Nashville - guitar repair,Guitar Center,https://lh5.googleusercontent.com/p/AF1QipNdcfaPjiRbznBFlwctA95Ztu3TvJ2uKTRkxU_r=w408-h306-k-no,4.3,504,,חנות מוזיקה,https://www.google.com/maps/place/Guitar+Center/data=!4m7!3m6!1s0x88647bde2288926f:0x741d66c5a4d1b29!8m2!3d35.9638251!4d-86.803206!16s%2Fg%2F1vq75lmh!19sChIJb5KIIt57ZIgRKRtNWmzWQQc?authuser=0&hl=iw&rclk=1," 
""I recently moved to the Nashville area and am thrilled to find this ...""","8105 Moores Ln Suite 1400, Brentwood, TN 37027, ארצות הברית",,פתוח,ייסגר בשעה 19:00,2023-09-03 22:33:42,,35.9638251,-86.803206,"X57W+GP ברנטווד, טנסי, ארצות הברית",https://stores.guitarcenter.com/tn/brentwood/724?source=4GOA5AJBA,+1 615-371-5338,,,,,,,,,,
Nashville - guitar repair,LowEnd Bass Shop - Guitar shop,https://lh5.googleusercontent.com/p/AF1QipMqK6yUftMx_W7NKOc_t2daKZ_cFf4uKLTxGzao=w408-h306-k-no,5.0,26,,חנות לכלי נגינה,https://www.google.com/maps/place/LowEnd+Bass+Shop+-+Guitar+shop/data=!4m7!3m6!1s0x88647177133a753d:0x99ad4544ed9263de!8m2!3d35.9983338!4d-86.6732521!16s%2Fg%2F11h7d9ljv3!19sChIJPXU6E3dxZIgR3mOS7URFrZk?authuser=0&hl=iw&rclk=1," 
קנייה בחנות
·
איסוף עצמי בחנות","6269 Pettus Rd, Cane Ridge, TN 37013, ארצות הברית",,המקום סגור,ייפתח ביום יום ב׳ בשעה 11:00,2023-09-03 22:33:46,יום ראשוןסגוריום שני(יום העבודה)11:00–16:00 ייתכנו שינויים בשעותיום שלישי11:00–16:00יום רביעי11:00–16:00יום חמישי11:00–16:00יום שישי11:00–16:00יום שבתסגור,35.9983338,-86.6732521,"X8XG+8M Cane Ridge, נשוויל, טנסי, ארצות הברית",http://www.lowendbassshop.com/,+1 615-691-0110,,,,,,,,,,
Nashville - guitar repair,Hime Amplification,https://lh5.googleusercontent.com/p/AF1QipP9jr0PPJ-lDHaC0Z4ydqnM_FyyLBUcXmXeSMFm=w408-h405-k-no,5.0,21,,חנות לתיקון כלי נגינה,https://www.google.com/maps/place/Hime+Amplification/data=!4m7!3m6!1s0x886465e6aa45f9d1:0x476cfc07d5da7651!8m2!3d36.1275196!4d-86.7569613!16s%2Fg%2F11b7rnc4pf!19sChIJ0flFquZlZIgRUXba1Qf8bEc?authuser=0&hl=iw&rclk=1,,"2127 Utopia Ave, Nashville, TN 37211, ארצות הברית",,המקום סגור,ייפתח ביום יום ב׳ בשעה 10:00,2023-09-03 22:33:49,יום ראשוןסגוריום שני(יום העבודה)10:00–18:00 ייתכנו שינויים בשעותיום שלישי10:00–18:00יום רביעי10:00–18:00יום חמישי10:00–18:00יום שישי10:00–18:00יום שבתסגור,36.1275196,-86.7569613,"46HV+26 נשוויל, טנסי, ארצות הברית",https://www.himeamplification.com/,+1 615-562-0089,,,,,,,,,,
Nashville - guitar repair,Guitar Center,,4.3,438,,חנות לתיקון כלי נגינה,https://www.google.com/maps/place/Guitar+Center/data=!4m7!3m6!1s0x8864430b5a2ac7c9:0x525243bdf43d51ed!8m2!3d36.3018052!4d-86.6972097!16s%2Fg%2F11j7vyn5pw!19sChIJyccqWgtDZIgR7VE99L1DUlI?authuser=0&hl=iw&rclk=1," 
""Spencer in the Repair Shop is the MAN!""","1000 Rivergate Pkwy Suite 1550, Goodlettsville, TN 37072, ארצות הברית",,פתוח,ייסגר בשעה 18:00,2023-09-03 22:33:53,יום ראשון12:00–18:00יום שני(יום העבודה)11:00–19:00 ייתכנו שינויים בשעותיום שלישי11:00–19:00יום רביעי11:00–19:00יום חמישי11:00–19:00יום שישי11:00–20:00יום שבת10:00–20:00,36.3018052,-86.6972097,,https://stores.guitarcenter.com/tn/goodlettsville/726?source=4GOA5AJBA,+1 615-851-8564,,,,,,,,,,
Nashville - guitar repair,Le Van's Guitar Services,https://lh5.googleusercontent.com/p/AF1QipN3Jdou75ARaOGHhea2YOtwKnVs6inYoHvtf2au=w408-h725-k-no,5.0,2,,חנות לתיקון כלי נגינה,https://www.google.com/maps/place/Le+Van%27s+Guitar+Services/data=!4m7!3m6!1s0x88646692584f449f:0x369d262c408e8ba3!8m2!3d36.1524687!4d-86.7936679!16s%2Fg%2F1tlbvf_9!19sChIJn0RPWJJmZIgRo4uOQCwmnTY?authuser=0&hl=iw&rclk=1,,"115 17th Ave S B, Nashville, TN 37203, ארצות הברית",,+1 615-251-8884,,2023-09-03 22:33:57,,36.1524687,-86.7936679,"5624+XG נשוויל, טנסי, ארצות הברית",http://www.guitarservices.com/,+1 615-251-8884,,,,,,,,,,
Nashville - guitar repair,Kirkosaurus Guitar Repair,https://lh5.googleusercontent.com/p/AF1QipMyETpvHD3shQoQ1azg8ZXq7_ijnKAB52aR1e67=w408-h306-k-no,5.0,13,,חנות לתיקון כלי נגינה,https://www.google.com/maps/place/Kirkosaurus+Guitar+Repair/data=!4m7!3m6!1s0x88640b6507522983:0xc7c32ccbecc52a89!8m2!3d35.9444885!4d-86.5526657!16s%2Fg%2F11g6bg5dlb!19sChIJgylSB2ULZIgRiSrF7Mssw8c?authuser=0&hl=iw&rclk=1,,"491 Martha Ln, Smyrna, TN 37167, ארצות הברית",,+1 615-305-9458,,2023-09-03 22:34:01,,35.9444885,-86.5526657,"WCVW+QW Smyrna, טנסי, ארצות הברית",http://kirkosaurus.com/,+1 615-305-9458,,,,,,,,,,
Nashville - guitar repair,Nashville Pro Hammond Inc,https://streetviewpixels-pa.googleapis.com/v1/thumbnail?panoid=V1cfmPRcOhYIwCFhsQqHtg&cb_client=search.gws-prod.gps&w=408&h=240&yaw=190.09908&pitch=0&thumbfov=100,5.0,10,,שירות להשכרת כלי נגינה,https://www.google.com/maps/place/Nashville+Pro+Hammond+Inc/data=!4m7!3m6!1s0x886467a888f2dfcf:0x5f4f7fa79e6b003!8m2!3d36.140732!4d-86.8356296!16s%2Fg%2F1tm8l9t7!19sChIJz9_yiKhnZIgRA7Dmefr39AU?authuser=0&hl=iw&rclk=1," 
""Highly recommended for any vintage organ/speaker repair!!""","4021 Murphy Rd, Nashville, TN 37209, ארצות הברית",,המקום סגור,ייפתח ביום יום ב׳ בשעה 9:30,2023-09-03 22:34:05,יום ראשוןסגוריום שני(יום העבודה)9:30–17:30 ייתכנו שינויים בשעותיום שלישי9:30–17:30יום רביעי9:30–17:30יום חמישי9:30–17:30יום שישי9:30–17:30יום שבתסגור,36.140732,-86.8356296,"45R7+7P נשוויל, טנסי, ארצות הברית",http://www.nashvilleprohammond.com/,+1 615-297-2799,,,,,,,,,,
Nashville - guitar repair,Bluesman Vintage Guitars,https://lh5.googleusercontent.com/p/AF1QipOVxQ-jmfdV8cU7xI1jkyNa9uTM2GcrIa4oCOd1=w516-h240-k-no,4.8,60,,חנות גיטרות,https://www.google.com/maps/place/Bluesman+Vintage+Guitars/data=!4m7!3m6!1s0x886382880648f54f:0x666c7ef7256922ff!8m2!3d35.7437515!4d-86.8920852!16s%2Fg%2F11b7g1q7w4!19sChIJT_VIBoiCY4gR_yJpJfd-bGY?authuser=0&hl=iw&rclk=1," 
""Had found this shop by total accident during our trip to Nashville.""","4922 Port Royal Rd Ste B1, Spring Hill, TN 37174, ארצות הברית",,המקום סגור,ייפתח ביום יום ב׳ בשעה 11:00,2023-09-03 22:34:08,יום ראשוןסגוריום שני(יום העבודה)11:00–19:00 ייתכנו שינויים בשעותיום שלישי11:00–19:00יום רביעי11:00–19:00יום חמישי11:00–19:00יום שישיסגוריום שבתסגור,35.7437515,-86.8920852,"P4V5+G5 Spring Hill, טנסי, ארצות הברית",http://bluesmanvintage.com/,+1 615-562-5508,,,,,,,,,,
Nashville - guitar repair,Jonathan Fletcher Music,https://lh5.googleusercontent.com/p/AF1QipOt5ebPCqxBJ8FLp-4xBNAZt0Lk4tK4P8mFOrrb=w408-h306-k-no,4.5,35,,חנות מוזיקה,https://www.google.com/maps/place/Jonathan+Fletcher+Music/data=!4m7!3m6!1s0x88640c48faad0677:0xe50866935facc814!8m2!3d35.9867844!4d-86.5230602!16s%2Fg%2F1vhkl8gz!19sChIJdwat-kgMZIgRFMisX5NmCOU?authuser=0&hl=iw&rclk=1," 
""Very timely on my guitar repair. I've been buying from Mr Fletcher ...""","144 N Lowry St, Smyrna, TN 37167, ארצות הברית",,המקום סגור,ייפתח ביום יום ב׳ בשעה 10:00,2023-09-03 22:34:12,יום ראשוןסגוריום שני(יום העבודה)10:00–20:30 ייתכנו שינויים בשעותיום שלישי10:00–20:30יום רביעי10:00–20:30יום חמישי10:00–20:30יום שישי10:00–18:00יום שבת10:00–18:00,35.9867844,-86.5230602,"XFPG+PQ Smyrna, טנסי, ארצות הברית",http://www.jonathanfletchermusic.com/,+1 615-459-3133,,,,,,,,,,
Nashville - guitar repair,Drum Supply House,,4.9,114,,חנות תופים,https://www.google.com/maps/place/Drum+Supply+House/data=!4m7!3m6!1s0x886467cf0508c30f:0x504c78302b73a5a4!8m2!3d36.1845933!4d-86.7546782!16s%2Fg%2F11xkrw4vz!19sChIJD8MIBc9nZIgRpKVzKzB4TFA?authuser=0&hl=iw&rclk=1," 
קנייה בחנות
·
איסוף עצמי בחנות
·
משלוחים","730 Mcferrin Ave, Nashville, TN 37206, ארצות הברית",,המקום סגור,ייפתח ביום יום ג׳ בשעה 12:00,2023-09-03 22:34:16,יום ראשוןסגוריום שני(יום העבודה)סגור שעות פתיחה בחגיום שלישי12:00–17:00יום רביעי12:00–17:00יום חמישי12:00–17:00יום שישי12:00–17:00יום שבת12:00–17:00,36.1845933,-86.7546782,"56MW+R4 נשוויל, טנסי, ארצות הברית",http://www.drumsupply.com/,+1 615-251-1146,,,,,,,,,,
Nashville - guitar repair,GSmith Guitars Setups & Repair,https://lh5.googleusercontent.com/p/AF1QipOvnJYaZ7osF1b6yqq7S-Eyv4DPqY_7y3X4mogY=w408-h544-k-no,5.0,14,,חנות לתיקון כלי נגינה,https://www.google.com/maps/place/GSmith+Guitars+Setups+%26+Repair/data=!4m7!3m6!1s0x88649d01f289ea43:0x3e94402da49eb0d1!8m2!3d35.9158146!4d-87.0995018!16s%2Fg%2F11srng9ty3!19sChIJQ-qJ8gGdZIgR0bCepC1AlD4?authuser=0&hl=iw&rclk=1,,"7560 Pewitt Rd, Franklin, TN 37064, ארצות הברית",,פתוח,ייסגר בשעה 19:00,2023-09-03 22:34:20,יום ראשון9:00–19:00יום שני(יום העבודה)9:00–19:00 ייתכנו שינויים בשעותיום שלישי9:00–19:00יום רביעי9:00–19:00יום חמישי9:00–19:00יום שישי9:00–19:00יום שבת9:00–19:00,35.9158146,-87.0995018,"WW82+85 פרנקלין, טנסי, ארצות הברית",https://gsmith-guitars-setups-repair.business.site/?utm_source=gmb&utm_medium=referral,+1 615-594-4192,,,,,,,,,,
Nashville - guitar repair,Forrest York Guitars,https://lh5.googleusercontent.com/p/AF1QipNtAvCdXpOdbb1K75aq5EjFCdpqoQmBMDIRwWBb=w408-h408-k-no,4.6,41,,חנות גיטרות,https://www.google.com/maps/place/Forrest+York+Guitars/data=!4m7!3m6!1s0x8863f86f2245e883:0x391a4dfdd931e9e6!8m2!3d35.8460644!4d-86.3904653!16s%2Fg%2F1tf2sz5x!19sChIJg-hFIm_4Y4gR5ukx2f1NGjk?authuser=0&hl=iw&rclk=1," 
""Only place I trust going for repairs and maintenance!""","123 E Main St suite a, Murfreesboro, TN 37130, ארצות הברית",,המקום סגור,ייפתח ביום יום ב׳ בשעה 10:00,2023-09-03 22:34:23,יום ראשוןסגוריום שני(יום העבודה)10:00–18:00 ייתכנו שינויים בשעותיום שלישי10:00–18:00יום רביעי10:00–18:00יום חמישי10:00–18:00יום שישי10:00–18:00יום שבת10:00–17:00,35.8460644,-86.3904653,"RJW5+CR מורפריסבורו, טנסי, ארצות הברית",http://www.forrestyorkguitars.com/,+1 615-556-1525,,,,,,,,,,
Nashville - guitar repair,Schuyler Dean Pickups,https://lh5.googleusercontent.com/p/AF1QipOuDbawhqY3IRu1xu1XNb_jFgxBozT9Kebj93nl=w408-h294-k-no,5.0,4,,חנות לתיקון כלי נגינה,https://www.google.com/maps/place/Schuyler+Dean+Pickups/data=!4m7!3m6!1s0x8864682e8ef5f14d:0x80d9b1e7a0faf653!8m2!3d46.423669!4d-129.9427086!16s%2Fg%2F11c6vp_d1p!19sChIJTfH1ji5oZIgRU_b6oOex2YA?authuser=0&hl=iw&rclk=1," 
""Fantastic local guy to work with in Nashville!""",,,המקום סגור,ייפתח ביום יום ב׳ בשעה 10:00,2023-09-03 22:34:27,יום ראשוןסגוריום שני(יום העבודה)10:00–17:00 ייתכנו שינויים בשעותיום שלישי10:00–17:00יום רביעי10:00–17:00יום חמישי10:00–17:00יום שישי10:00–17:00יום שבת12:00–16:00,46.423669,-129.9427086,,http://www.schuylerdeanpickups.com/,+1 615-398-1857,,,,,,,,,,
Nashville - guitar repair,Shuff's Music,https://lh5.googleusercontent.com/p/AF1QipPetGFwSla-clGoTTQhXzfa3JPrOOwciQdUR0Cw=w408-h306-k-no,4.7,40,,חנות לכלי נגינה,https://www.google.com/maps/place/Shuff%27s+Music/data=!4m7!3m6!1s0x88647e50e69d0e8b:0x4bdb626c5fb0d087!8m2!3d35.9261971!4d-86.8693794!16s%2Fg%2F1tdpmtqf!19sChIJiw6d5lB-ZIgRh9CwX2xi20s?authuser=0&hl=iw&rclk=1," 
קנייה בחנות
·
איסוף עצמי בחנות","118 3rd Ave N, Franklin, TN 37064, ארצות הברית",,המקום סגור,ייפתח ביום יום ב׳ בשעה 10:00,2023-09-03 22:34:31,יום ראשוןסגוריום שני(יום העבודה)10:00–18:00 ייתכנו שינויים בשעותיום שלישי10:00–18:00יום רביעי10:00–18:00יום חמישי10:00–18:00יום שישי10:00–17:00יום שבת10:00–16:00,35.9261971,-86.8693794,"W4GJ+F6 פרנקלין, טנסי, ארצות הברית",https://www.shuffsmusic.com/,+1 615-790-6139,,,,,,,,,,
Nashville - guitar repair,Guitar Mill,https://lh5.googleusercontent.com/p/AF1QipOqrs827g5WEl5rJaCVG8Oi1iPdAu4ur8_z1sV0=w408-h306-k-no,4.8,16,,חנות גיטרות,https://www.google.com/maps/place/Guitar+Mill/data=!4m7!3m6!1s0x8863f86dd7611627:0x360c872ba68aa341!8m2!3d35.8483432!4d-86.3951121!16s%2Fg%2F1tf_j43x!19sChIJJxZh1234Y4gRQaOKpiuHDDY?authuser=0&hl=iw&rclk=1," 
קנייה בחנות","407 W Lytle St, Murfreesboro, TN 37130, ארצות הברית",,המקום סגור,ייפתח ביום יום ב׳ בשעה 11:00,2023-09-03 22:34:35,יום ראשוןסגוריום שני(יום העבודה)11:00–18:00 ייתכנו שינויים בשעותיום שלישי11:00–18:00יום רביעי11:00–18:00יום חמישי11:00–18:00יום שישי11:00–18:00יום שבתסגור,35.8483432,-86.3951121,"RJX3+8X מורפריסבורו, טנסי, ארצות הברית",http://guitarmill.com/,,,,,,,,,,,
Nashville - guitar repair,Jack's Guitarcheology,https://lh5.googleusercontent.com/p/AF1QipO2R2kMcKcMkO13jJL6SsJ9qyDBvFjCeeOnchDf=w408-h616-k-no,4.9,92,,חנות גיטרות,https://www.google.com/maps/place/Jack%27s+Guitarcheology/data=!4m7!3m6!1s0x88642179a2d88bdd:0x26869c981d403b5e!8m2!3d36.2083585!4d-86.2905675!16s%2Fg%2F11smkp8j97!19sChIJ3YvYonkhZIgRXjtAHZichiY?authuser=0&hl=iw&rclk=1," 
""They carry lots of local made pedals, and Nashville Guitar Works ...""","107 Public Sq, Lebanon, TN 37087, ארצות הברית",,המקום סגור,ייפתח ביום יום ד׳ בשעה 10:00,2023-09-03 22:34:38,יום ראשוןסגוריום שני(יום העבודה)סגור ייתכנו שינויים בשעותיום שלישיסגוריום רביעי10:00–18:00יום חמישי10:00–18:00יום שישי10:00–18:00יום שבת10:00–18:00,36.2083585,-86.2905675,"6P55+8Q לבנון, טנסי, ארצות הברית",https://jacksguitarcheology.com/,+1 615-965-2136,,,,,,,,,,
Nashville - guitar repair,Nashville Guitar Store,https://streetviewpixels-pa.googleapis.com/v1/thumbnail?panoid=Mavsu5mBOuGKoJOcMh3s5g&cb_client=search.gws-prod.gps&w=408&h=240&yaw=293.6298&pitch=0&thumbfov=100,3.4,9,,חנות לכלי נגינה,https://www.google.com/maps/place/Nashville+Guitar+Store/data=!4m7!3m6!1s0x88647e366a3e37dd:0x6176af5f4dc1daf6!8m2!3d36.0052697!4d-86.8896428!16s%2Fg%2F1wn_6vg6!19sChIJ3Tc-ajZ-ZIgR9trBTV-vdmE?authuser=0&hl=iw&rclk=1," 
קנייה בחנות
·
איסוף עצמי בחנות","1242 Old Hillsboro Rd, Franklin, TN 37069, ארצות הברית",,המקום סגור,ייפתח ביום יום ב׳ בשעה 10:00,2023-09-03 22:34:42,יום ראשוןסגוריום שני(יום העבודה)10:00–17:00 ייתכנו שינויים בשעותיום שלישי10:00–18:00יום רביעי10:00–17:00יום חמישי10:00–18:00יום שישי10:00–17:00יום שבתסגור,36.0052697,-86.8896428,"2446+44 פרנקלין, טנסי, ארצות הברית",,+1 615-567-5330,,,,,,,,,,
Nashville - guitar repair,Guitar Gallery,https://lh5.googleusercontent.com/p/AF1QipNOPl8v7vTVR2G07QhqoqsnpFcrQSqt7fmu5z0v=w596-h240-k-no,4.5,17,,חנות גיטרות,https://www.google.com/maps/place/Guitar+Gallery/data=!4m7!3m6!1s0x88644f76605b43ad:0x21146d72432f7f9!8m2!3d14.1576412!4d-111.4214548!16s%2Fg%2F1263_g62y!19sChIJrUNbYHZPZIgR-fcyJNdGEQI?authuser=0&hl=iw&rclk=1," 
""Thanks for the setup and new Newtone strings. Beautiful guitar!""",,,המקום סגור,ייפתח ביום יום ב׳ בשעה 10:00,2023-09-03 22:34:46,,14.1576412,-111.4214548,,https://www.guitargal.com/,+1 615-672-7733,,,,,,,,,,
Nashville - guitar repair,Nashville Fretworks,https://lh5.googleusercontent.com/p/AF1QipOftzXABKBMGU5cpvjBOUT6mZ-UGfh3rH5ZqcwP=w408-h276-k-no,5.0,3,,חנות גיטרות,https://www.google.com/maps/place/Nashville+Fretworks/data=!4m7!3m6!1s0x88642e334e1d1efb:0x6a71913bc4d7590b!8m2!3d36.3798179!4d-86.436701!16s%2Fg%2F11b6gn_1zy!19sChIJ-x4dTjMuZIgRC1nXxDuRcWo?authuser=0&hl=iw&rclk=1," 
קנייה בחנות
·
איסוף עצמי בחנות
·
משלוחים","711 S Westland Ave, Gallatin, TN 37066, ארצות הברית",,המקום סגור,ייפתח ביום יום ב׳ בשעה 10:00,2023-09-03 22:34:50,יום ראשוןסגוריום שני(יום העבודה)10:00–15:00 ייתכנו שינויים בשעותיום שלישי10:00–15:00יום רביעי10:00–15:00יום חמישי10:00–15:00יום שישי10:00–15:00יום שבתסגור,36.3798179,-86.436701,"9HH7+W8 Gallatin, טנסי, ארצות הברית",http://facebook.com/nashvillefretworks/,+1 615-440-6681,,,,,,,,,,
Nashville - guitar repair,Backline Nashville,https://lh5.googleusercontent.com/p/AF1QipPD7mSqUFM0OFQRRJ6yFMql4hJgfC62LSz6bxgA=w408-h255-k-no,4.8,24,,שירות להשכרת כלי נגינה,https://www.google.com/maps/place/Backline+Nashville/data=!4m7!3m6!1s0x886465e6aa45f9d1:0x529a68f8d9bda56c!8m2!3d36.1275498!4d-86.7567898!16s%2Fg%2F1q6n2hd77!19sChIJ0flFquZlZIgRbKW92fhomlI?authuser=0&hl=iw&rclk=1,,"2127 Utopia Ave, Nashville, TN 37211, ארצות הברית",,+1 615-210-2120,,2023-09-03 22:34:53,,36.1275498,-86.7567898,,http://www.backlinenashville.com/,+1 615-210-2120,,,,,,,,,,
Nashville - guitar repair,Epiphone Guitars,https://lh5.googleusercontent.com/p/AF1QipOiNWMTnXRcjSe5PUkOUCWRM7Vo65zPH0DDgqJz=w408-h306-k-no,4.4,21,,חנות מוזיקה,https://www.google.com/maps/place/Epiphone+Guitars/data=!4m7!3m6!1s0x886468c7b375388f:0x8be8452fee249cb0!8m2!3d36.1492651!4d-86.7170421!16s%2Fg%2F11b7q6_c9l!19sChIJjzh1s8doZIgRsJwk7i9F6Is?authuser=0&hl=iw&rclk=1,,"1510 Elm Hill Pike #212, Nashville, TN 37210, ארצות הברית",,פתוח,ייסגר בשעה 18:00,2023-09-03 22:34:57,יום ראשון12:00–18:00יום שני(יום העבודה)11:00–18:00 ייתכנו שינויים בשעותיום שלישי11:00–18:00יום רביעי11:00–18:00יום חמישי11:00–18:00יום שישי11:00–18:00יום שבת11:00–18:00,36.1492651,-86.7170421,,http://www.epiphone.com/,+1 615-871-4500,,,,,,,,,,
Nashville - guitar repair,LeVan's Guitar Services Workshop,https://lh5.googleusercontent.com/p/AF1QipMmzsMoOdWF9p-S8f__FUN6xNjFM2m0apZ94n4n=w408-h306-k-no,5.0,3,,מרכז הדרכה,https://www.google.com/maps/place/LeVan%27s+Guitar+Services+Workshop/data=!4m7!3m6!1s0x8864668aad5c7eaf:0x37c650446852a02a!8m2!3d36.1548429!4d-86.7824521!16s%2Fg%2F11bw4vtc7l!19sChIJr35crYpmZIgRKqBSaERQxjc?authuser=0&hl=iw&rclk=1,,"209 10th Ave S #136, Nashville, TN 37203, ארצות הברית",קומה 1 · Industrious Cummins Station,המקום סגור,ייפתח ביום יום ב׳ בשעה 9:00,2023-09-03 22:35:01,יום ראשוןסגוריום שני(יום העבודה)9:00–16:00 ייתכנו שינויים בשעותיום שלישי9:00–16:00יום רביעי9:00–16:00יום חמישי9:00–16:00יום שישי9:00–16:00יום שבת12:00–17:00,36.1548429,-86.7824521,"5639+W2 נשוויל, טנסי, ארצות הברית",http://guitarservices.com/,+1 615-251-8884,,,,,,,,,,
Nashville - guitar repair,MacMillan Guitars,https://lh5.googleusercontent.com/p/AF1QipOoXLSPTEeRtqePh8EEyQaTTu_CHDtsS4I37_q8=w408-h291-k-no,5.0,8,,Musical instrument manufacturer,https://www.google.com/maps/place/MacMillan+Guitars/data=!4m7!3m6!1s0x8864112e56018b15:0x3bb172b25d67a608!8m2!3d36.1203321!4d-86.4783378!16s%2Fg%2F11kzwy9hk8!19sChIJFYsBVi4RZIgRCKZnXbJysTs?authuser=0&hl=iw&rclk=1," 
""Marty's repair work is impeccable and I'd recommend his gorgeous ...""","1984 Logue Rd, Mt. Juliet, TN 37122, ארצות הברית",,+1 517-672-6016,,2023-09-03 22:35:05,,36.1203321,-86.4783378,"4GCC+4M Mt. Juliet, טנסי, ארצות הברית",http://www.macmillanguitars.com/,+1 517-672-6016,,,,,,,,,,
Nashville - guitar repair,Sheepdog Guitar Works,https://lh5.googleusercontent.com/p/AF1QipN14zNG52gykoEw9HPTAmW8dngjW1jEJvyxcylm=w408-h544-k-no,4.6,5,,חנות גיטרות,https://www.google.com/maps/place/Sheepdog+Guitar+Works/data=!4m7!3m6!1s0x886469827b4d4831:0x74a1b1aed21f972a!8m2!3d36.2126962!4d-86.7242414!16s%2Fg%2F11t3flygv9!19sChIJMUhNe4JpZIgRKpcf0q6xoXQ?authuser=0&hl=iw&rclk=1,,"1307 McChesney Ave, Nashville, TN 37216, ארצות הברית",,המקום סגור,ייפתח ביום יום ב׳ בשעה 9:00,2023-09-03 22:35:08,יום ראשוןסגוריום שני(יום העבודה)9:00–21:00 ייתכנו שינויים בשעותיום שלישי9:00–21:00יום רביעי9:00–21:00יום חמישי9:00–21:00יום שישי9:00–21:00יום שבת9:00–21:00,36.2126962,-86.7242414,"677G+38 נשוויל, טנסי, ארצות הברית",,+1 910-723-9870,,,,,,,,,,
Nashville - guitar repair,Vintage King Nashville,https://lh5.googleusercontent.com/p/AF1QipPKqlt2-ndAkWAGxCXLXVFgnYxd61I4b4slAxCO=w408-h306-k-no,4.7,42,,ספק של ציוד אורקולי,https://www.google.com/maps/place/Vintage+King+Nashville/data=!4m7!3m6!1s0x886465c1005bc24b:0x6cd43205a0f6fb67!8m2!3d36.1829242!4d-86.749573!16s%2Fg%2F1pv1dr49g!19sChIJS8JbAMFlZIgRZ_v2oAUy1Gw?authuser=0&hl=iw&rclk=1," 
""Then we opened the guitar pedal drawers and we went down the ...""","604 Gallatin Ave Suite 119, Nashville, TN 37206, ארצות הברית",,המקום סגור,ייפתח ביום יום ב׳ בשעה 10:00,2023-09-03 22:35:12,,36.1829242,-86.749573,"57M2+55 נשוויל, טנסי, ארצות הברית",https://vintageking.com/nashville,+1 615-866-5015,,,,,,,,,,
Nashville - guitar repair,Tennessee Electric Guitar,https://streetviewpixels-pa.googleapis.com/v1/thumbnail?panoid=ek_0bycnowaV57aS1ABQkA&cb_client=search.gws-prod.gps&w=408&h=240&yaw=248.72533&pitch=0&thumbfov=100,5.0,1,,חנות לתיקון כלי נגינה,https://www.google.com/maps/place/Tennessee+Electric+Guitar/data=!4m7!3m6!1s0x886467a906eaaaab:0x922004a5022ea811!8m2!3d36.1841735!4d-86.7791006!16s%2Fg%2F11f63x7tqc!19sChIJq6rqBqlnZIgREaguAqUEIJI?authuser=0&hl=iw&rclk=1,,"1425 Cowan Ct, Nashville, TN 37206, ארצות הברית",,+1 800-588-6686,,2023-09-03 22:35:16,,36.1841735,-86.7791006,"56MC+M9 נשוויל, טנסי, ארצות הברית",,+1 800-588-6686,,,,,,,,,,
Nashville - guitar repair,Zack's Music Shop,https://lh5.googleusercontent.com/p/AF1QipOgkFTykX33RXcBXsvDVqjskyZ_GH4y8zeOS_cd=w408-h270-k-no,4.8,60,,חנות לכלי נגינה,https://www.google.com/maps/place/Zack%27s+Music+Shop/data=!4m7!3m6!1s0x8864b06a50def0c3:0x2d84b6770d95a633!8m2!3d36.0767283!4d-87.388302!16s%2Fg%2F12m99114w!19sChIJw_DeUGqwZIgRM6aVDXe2hC0?authuser=0&hl=iw&rclk=1," 
""Awesome for minor repair/modification work.""","126 N Main St, Dickson, TN 37055, ארצות הברית",,פתוח,ייסגר בשעה 16:00,2023-09-03 22:35:20,יום ראשון11:00–16:00יום שני(יום העבודה)9:00–20:00 ייתכנו שינויים בשעותיום שלישי9:00–20:00יום רביעי9:00–20:00יום חמישי9:00–20:00יום שישי9:00–20:00יום שבת9:00–20:00,36.0767283,-87.388302,"3JG6+MM Dickson, טנסי, ארצות הברית",http://www.zacksmusicshop.com/,+1 615-326-8049,,,,,,,,,,
Nashville - guitar repair,Nashville Guitar Works,https://streetviewpixels-pa.googleapis.com/v1/thumbnail?panoid=g95cVOFNQwnikUa0fnz60A&cb_client=search.gws-prod.gps&w=408&h=240&yaw=258.87314&pitch=0&thumbfov=100,4.7,3,,יצרן,https://www.google.com/maps/place/Nashville+Guitar+Works/data=!4m7!3m6!1s0x88647ead09034edf:0x2ba3fbb42681e246!8m2!3d35.9517107!4d-86.8249447!16s%2Fg%2F113dxbf1n!19sChIJ304DCa1-ZIgRRuKBJrT7oys?authuser=0&hl=iw&rclk=1,,"209 Gothic Ct, Franklin, TN 37067, ארצות הברית",,,,2023-09-03 22:35:23,,35.9517107,-86.8249447,"X52G+M2 פרנקלין, טנסי, ארצות הברית",https://www.nashvilleguitarworks.com/,,,,,,,,,,,
Nashville - guitar repair,Mauve Instruments,https://lh5.googleusercontent.com/p/AF1QipO6qNmPtHjdl5jITkX4cX8LwjS-7IYqjViutR77=w408-h408-k-no,5.0,2,,חנות לתיקון כלי נגינה,https://www.google.com/maps/place/Mauve+Instruments/data=!4m7!3m6!1s0xae71fac74de23b5d:0xf82f1dc440509ba8!8m2!3d36.1866405!4d-86.7852454!16s%2Fg%2F11rds1k0g_!19sChIJXTviTcf6ca4RqJtQQMQdL_g?authuser=0&hl=iw&rclk=1,,,,פתוח,ייסגר בשעה 20:00,2023-09-03 22:35:27,יום ראשון8:00–20:00יום שני(יום העבודה)8:00–20:00 ייתכנו שינויים בשעותיום שלישי8:00–20:00יום רביעי8:00–20:00יום חמישי8:00–20:00יום שישי8:00–20:00יום שבת8:00–20:00,36.1866405,-86.7852454,,https://mauveinstruments.business.site/?utm_source=gmb&utm_medium=referral,+1 615-696-9440,,,,,,,,,,
Nashville - guitar repair,Gibson Custom Shop,https://streetviewpixels-pa.googleapis.com/v1/thumbnail?panoid=s2r2hFVbNga-uhL_-HiwWQ&cb_client=search.gws-prod.gps&w=408&h=240&yaw=327.74982&pitch=0&thumbfov=100,4.4,23,,חנות חשמל ואלקטרוניקה,https://www.google.com/maps/place/Gibson+Custom+Shop/data=!4m7!3m6!1s0x886469c620cefb1d:0xd4171888616b357a!8m2!3d36.1456888!4d-86.716225!16s%2Fg%2F11fnrdkhv9!19sChIJHfvOIMZpZIgRejVrYYgYF9Q?authuser=0&hl=iw&rclk=1," 
קנייה בחנות","1612 Elm Hill Pike, Nashville, TN 37210, ארצות הברית",,המקום סגור,ייפתח ביום יום ב׳ בשעה 10:00,2023-09-03 22:35:31,יום ראשוןסגוריום שני(יום העבודה)10:00–17:00 ייתכנו שינויים בשעותיום שלישי10:00–17:00יום רביעי10:00–17:00יום חמישי10:00–17:00יום שישי10:00–17:00יום שבת10:00–17:00,36.1456888,-86.716225,"47WM+7G נשוויל, טנסי, ארצות הברית",https://www.gibson.com/,,,,,,,,,,,
Nashville - guitar repair,Blue Guitar Music,https://streetviewpixels-pa.googleapis.com/v1/thumbnail?panoid=9P-RfwEnKdxLv3-gksRf1Q&cb_client=search.gws-prod.gps&w=408&h=240&yaw=144.10738&pitch=0&thumbfov=100,,,,חנות לתיקון כלי נגינה,https://www.google.com/maps/place/Blue+Guitar+Music/data=!4m7!3m6!1s0x8864668d1bddf527:0xc4276f9eb9c08246!8m2!3d36.1532909!4d-86.7897875!16s%2Fg%2F1tdkydxq!19sChIJJ_XdG41mZIgRRoLAuZ5vJ8Q?authuser=0&hl=iw&rclk=1,,"1514 Demonbreun St, Nashville, TN 37203, ארצות הברית",,+1 615-739-6396,,2023-09-03 22:35:35,,36.1532909,-86.7897875,"5636+83 נשוויל, טנסי, ארצות הברית",,+1 615-739-6396,,,,,,,,,,
Nashville - guitar repair,Nashville Guitar Service,https://streetviewpixels-pa.googleapis.com/v1/thumbnail?panoid=QXVrtKg630cLnyHT1l8Ujw&cb_client=search.gws-prod.gps&w=408&h=240&yaw=189.75389&pitch=0&thumbfov=100,,,,חנות לתיקון כלי נגינה,https://www.google.com/maps/place/Nashville+Guitar+Service/data=!4m7!3m6!1s0x886465e1564560b1:0x95f96291e64ef64a!8m2!3d36.2622003!4d-86.8324373!16s%2Fg%2F11c1n67m8j!19sChIJsWBFVuFlZIgRSvZO5pFi-ZU?authuser=0&hl=iw&rclk=1,,"2621 Houston Ln, Whites Creek, TN 37189, ארצות הברית",,המקום סגור,ייפתח ביום יום ב׳ בשעה 8:00,2023-09-03 22:35:38,יום ראשוןסגוריום שני(יום העבודה)8:00–17:00 ייתכנו שינויים בשעותיום שלישי8:00–17:00יום רביעי8:00–17:00יום חמישי8:00–17:00יום שישי8:00–17:00יום שבת8:00–17:00,36.2622003,-86.8324373,"7569+V2 Whites Creek, נשוויל, טנסי, ארצות הברית",,+1 615-933-8511,,,,,,,,,,
Nashville - guitar repair,Tim Joy Guitar and Fretworks,https://lh5.googleusercontent.com/p/AF1QipPdNv8E_KgyhkCFrszXNRSLssmmtGcBsNSG-9YD=w408-h304-k-no,5.0,6,,חנות לתיקון כלי נגינה,https://www.google.com/maps/place/Tim+Joy+Guitar+and+Fretworks/data=!4m7!3m6!1s0x8864405308781a91:0x70eed141a0503910!8m2!3d36.2514097!4d-86.618387!16s%2Fg%2F11cr_7tsvw!19sChIJkRp4CFNAZIgREDlQoEHR7nA?authuser=0&hl=iw&rclk=1,,"161 Cumberland Dr, Hendersonville, TN 37075, ארצות הברית",,סגור זמנית,,2023-09-03 22:35:42,,36.2514097,-86.618387,"792J+HJ הנדרסונוויל, טנסי, ארצות הברית",https://tim-joy-guitars.business.site/,+1 615-208-4308,,,,,,,,,,
Nashville - guitar repair,Redbeard Guitar Upgrades,https://lh5.googleusercontent.com/p/AF1QipPU755wG8gtr5opYgdfT1UlZRfjr9LmbHrMMcFa=w427-h240-k-no,4.5,2,,חנות לתיקון כלי נגינה,https://www.google.com/maps/place/Redbeard+Guitar+Upgrades/data=!4m7!3m6!1s0x88646fb661878749:0x2651b11f7ae16830!8m2!3d36.0534986!4d-86.7033538!16s%2Fg%2F11gk68_m40!19sChIJSYeHYbZvZIgRMGjheh-xUSY?authuser=0&hl=iw&rclk=1,,"5319 Eulala Dr, Nashville, TN 37211, ארצות הברית",,סגור זמנית,,2023-09-03 22:35:46,,36.0534986,-86.7033538,"373W+9M נשוויל, טנסי, ארצות הברית",,+1 615-852-7226,,,,,,,,,,
